Price,Close,High,Low,Open,Volume
Ticker,SMI,SMI,SMI,SMI,SMI
Date,,,,,
2022-10-18,41.29151153564453,41.29151153564453,41.29151153564453,41.29151153564453,5
2022-10-19,41.15107345581055,41.15107345581055,41.15107345581055,41.15107345581055,2
2022-10-20,41.0528678894043,41.0528678894043,41.0528678894043,41.0528678894043,42
2022-10-21,40.82509231567383,40.82509231567383,40.82509231567383,40.82509231567383,2
2022-10-24,40.575496673583984,40.575496673583984,40.575496673583984,40.575496673583984,4
2022-10-25,40.58934783935547,40.58934783935547,40.58934783935547,40.58934783935547,3
2022-10-26,40.61396789550781,40.61396789550781,40.61396789550781,40.61396789550781,1
2022-10-27,40.60554122924805,40.60554122924805,40.60554122924805,40.60554122924805,2
2022-10-28,40.596370697021484,40.596370697021484,40.596370697021484,40.596370697021484,10
2022-10-31,40.570068359375,40.570068359375,40.564918465395365,40.564918465395365,1399
2022-11-01,40.722206115722656,40.78192738547578,40.68817725880302,40.78192738547578,625
2022-11-02,40.797027587890625,40.797027587890625,40.797027587890625,40.797027587890625,10
2022-11-03,40.73506546020508,40.74443904536033,40.72568829871058,40.72568829871058,1277
2022-11-04,40.738807678222656,40.772561163202255,40.738807678222656,40.772561163202255,401
2022-11-07,40.70412063598633,40.73393299558282,40.70412063598633,40.73393299558282,301
2022-11-08,40.84690856933594,40.8475630393641,40.82871930942764,40.83818945497172,6961
2022-11-09,40.899131774902344,40.922571103303376,40.898663274441475,40.922571103303376,579
2022-11-10,41.45161056518555,41.45161056518555,41.35382986432591,41.35382986432591,11761
2022-11-11,41.47568893432617,41.47568893432617,41.47568893432617,41.47568893432617,7
2022-11-14,41.39226531982422,41.46567326095002,41.39132831891927,41.39226531982422,2870
2022-11-15,41.5694465637207,41.57094504959477,41.54647574088269,41.54647574088269,1674
2022-11-16,41.83306884765625,41.83306884765625,41.75694291786025,41.75694291786025,11234
2022-11-17,41.9210205078125,41.92570908834038,41.8319553594781,41.8319553594781,639
2022-11-18,41.9210205078125,41.9210205078125,41.91633192728462,41.91633192728462,103
2022-11-21,41.93536376953125,41.93536376953125,41.93536376953125,41.93536376953125,100
2022-11-22,42.02884292602539,42.036245949060685,42.011497678817086,42.02780936387215,1473
2022-11-23,42.157833099365234,42.157833099365234,42.157833099365234,42.157833099365234,10
2022-11-25,42.17087936401367,42.17087936401367,42.17087936401367,42.17087936401367,1
2022-11-28,42.202266693115234,42.202266693115234,42.18820453048588,42.18820453048588,2082
2022-11-29,42.30540084838867,42.337276757809256,42.21633570217411,42.21633570217411,10899
2022-11-30,42.464786529541016,42.488225860643325,42.44144375961352,42.44144375961352,2919
2022-12-01,42.5792121887207,42.58859756456649,42.5417566254445,42.5417566254445,2128
2022-12-02,42.60418701171875,42.60418701171875,42.485346151431685,42.485346151431685,4303
2022-12-05,42.56137466430664,42.58859619230388,42.56137466430664,42.58859619230388,2586
2022-12-06,42.612064361572266,42.63552959049665,42.612064361572266,42.63552959049665,970
2022-12-07,42.73877716064453,42.73877716064453,42.73877716064453,42.73877716064453,8
2022-12-08,42.72470474243164,42.72470474243164,42.72470474243164,42.72470474243164,23
2022-12-09,42.658626556396484,42.70124568989093,42.658626556396484,42.70124568989093,219
2022-12-12,42.63552474975586,42.72939639730829,42.63552474975586,42.72939639730829,550
2022-12-13,42.74348449707031,42.83266168424356,42.74348449707031,42.82327272725801,921
2022-12-14,42.757659912109375,42.757659912109375,42.757659912109375,42.757659912109375,208
2022-12-15,42.7810173034668,42.78571178021922,42.7810173034668,42.78571178021922,101
2022-12-16,42.71531295776367,42.73033098777582,42.69184415263739,42.69184415263739,1956
2022-12-19,42.64773178100586,42.67307694890577,42.635528286769784,42.67307694890577,2795
2022-12-20,42.58418273925781,42.58418273925781,42.58418273925781,42.58418273925781,5
2022-12-21,42.48112487792969,42.48112487792969,42.48112487792969,42.48112487792969,3
2022-12-22,42.490028381347656,42.490028381347656,42.47594852935475,42.47594852935475,594
2022-12-23,42.41587829589844,42.41587829589844,42.41587829589844,42.41587829589844,1
2022-12-27,42.50411605834961,42.50411605834961,42.3726993077724,42.39053546130442,3434
2022-12-28,42.49256134033203,42.49256134033203,42.46999946418514,42.46999946418514,215
2022-12-29,42.55966567993164,42.55966567993164,42.516047976566064,42.516047976566064,913
2022-12-30,42.49256134033203,42.49256134033203,42.37506172851048,42.37506172851048,19529
2023-01-03,42.5955696105957,42.5955696105957,42.572444771675265,42.57338425187331,751
2023-01-04,42.75574493408203,42.75574493408203,42.75574493408203,42.75574493408203,1
2023-01-05,42.78395462036133,42.78395462036133,42.72285611804792,42.73347726740248,2782
2023-01-06,42.95315933227539,42.95315933227539,42.92871849418495,42.92871849418495,157
2023-01-09,43.023643493652344,43.051842243331286,43.00484313193227,43.03830583946073,9198
2023-01-10,43.04713821411133,43.04713821411133,43.000139106033956,43.000139106033956,1104
2023-01-11,43.202056884765625,43.20985959100305,43.202056884765625,43.20985959100305,4400
2023-01-12,43.3714485168457,43.39024888172835,43.29625064311807,43.29625064311807,1394
2023-01-13,43.34795379638672,43.35265119858528,43.34795379638672,43.34795379638672,3391
2023-01-17,43.399635314941406,43.399635314941406,43.399635314941406,43.399635314941406,18
2023-01-18,43.55464553833008,43.55464553833008,43.55464553833008,43.55464553833008,8
2023-01-19,43.58763885498047,43.58763885498047,43.58763885498047,43.58763885498047,1
2023-01-20,43.517154693603516,43.517154693603516,43.517154693603516,43.517154693603516,25
2023-01-23,43.50774383544922,43.5594439369151,43.50774383544922,43.5594439369151,216
2023-01-24,43.56884002685547,43.56884002685547,43.49364216511037,43.49458164533436,4458
2023-01-25,43.57354736328125,43.58764674030036,43.55944798626214,43.578248350888586,8028
2023-01-26,43.58763885498047,43.58763885498047,43.58763885498047,43.58763885498047,10
2023-01-27,43.5500602722168,43.5500602722168,43.5500602722168,43.5500602722168,414
2023-01-30,43.52655792236328,43.54065730251726,43.52655792236328,43.54065730251726,2499
2023-01-31,43.59478759765625,43.59478759765625,43.59478759765625,43.59478759765625,41
2023-02-01,43.78946304321289,43.78946304321289,43.78946304321289,43.78946304321289,50
2023-02-02,43.75652313232422,43.75652313232422,43.75652313232422,43.75652313232422,11
2023-02-03,43.591773986816406,43.591773986816406,43.591773986816406,43.591773986816406,36
2023-02-06,43.45225524902344,43.502337792342004,43.45225524902344,43.502337792342004,155
2023-02-07,43.394073486328125,43.427022524410134,43.394073486328125,43.427022524410134,201
2023-02-08,43.40369415283203,43.40369415283203,43.40369415283203,43.40369415283203,8
2023-02-09,43.2999382019043,43.370544321608385,43.2999382019043,43.370544321608385,417
2023-02-10,43.281124114990234,43.324523496584405,43.281124114990234,43.324523496584405,407
2023-02-13,43.30002975463867,43.30464441615185,43.30002975463867,43.30464441615185,239
2023-02-14,43.2481689453125,43.2481689453125,43.21757570745357,43.21992792846515,11131
2023-02-15,43.10224914550781,43.10224914550781,43.10224914550781,43.10224914550781,16
2023-02-16,42.8140869140625,42.90926387654926,42.8140869140625,42.90926387654926,264
2023-02-17,42.71391677856445,42.720977031600775,42.707700452010094,42.720977031600775,909
2023-02-21,42.46209716796875,42.46209716796875,42.46209716796875,42.46209716796875,16
2023-02-22,42.49504470825195,42.49504470825195,42.49504470825195,42.49504470825195,104
2023-02-23,42.56565475463867,42.56565475463867,42.56565475463867,42.56565475463867,3
2023-02-24,42.40843200683594,42.40843200683594,42.40843200683594,42.40843200683594,4
2023-02-27,42.518577575683594,42.518577575683594,42.5044570686665,42.5044570686665,293
2023-02-28,42.55622863769531,42.55622863769531,42.55622863769531,42.55622863769531,10
2023-03-01,42.422855377197266,42.422855377197266,42.41022322504776,42.41022322504776,487
2023-03-02,42.425209045410156,42.425209045410156,42.425209045410156,42.425209045410156,70
2023-03-03,42.50702667236328,42.50702667236328,42.50702667236328,42.50702667236328,33
2023-03-06,42.512393951416016,42.512393951416016,42.512393951416016,42.512393951416016,107
2023-03-07,42.52597427368164,42.52597427368164,42.52597427368164,42.52597427368164,11
2023-03-08,42.507694244384766,42.507694244384766,42.507694244384766,42.507694244384766,124
2023-03-09,42.64436721801758,42.7197753669939,42.64436721801758,42.7197753669939,243
2023-03-10,42.847023010253906,42.9742758087595,42.847023010253906,42.9742758087595,19653
2023-03-13,42.9035758972168,42.9035758972168,42.9035758972168,42.9035758972168,3
2023-03-14,42.83488464355469,42.83488464355469,42.785772782689534,42.7952010517764,4804
2023-03-15,43.08871841430664,43.08871841430664,43.08871841430664,43.08871841430664,1
2023-03-16,43.016143798828125,43.016143798828125,43.016143798828125,43.016143798828125,1
2023-03-17,43.196834564208984,43.22879070225902,43.196834564208984,43.22879070225902,101
2023-03-20,42.99785614013672,42.99785614013672,42.99785614013672,42.99785614013672,9
2023-03-21,42.90312576293945,42.90312576293945,42.90312576293945,42.90312576293945,1
2023-03-22,43.12360382080078,43.12360382080078,43.12360382080078,43.12360382080078,3
2023-03-23,43.14885711669922,43.14885711669922,43.14885711669922,43.14885711669922,21
2023-03-24,43.226158142089844,43.226158142089844,43.226158142089844,43.226158142089844,21
2023-03-27,43.1279296875,43.1279296875,43.1279296875,43.1279296875,21
2023-03-28,43.19966506958008,43.19966506958008,43.19966506958008,43.19966506958008,70
2023-03-29,43.200233459472656,43.200233459472656,43.200233459472656,43.200233459472656,1
2023-03-30,43.308929443359375,43.308929443359375,43.308929443359375,43.308929443359375,2
2023-03-31,43.40902328491211,43.40902328491211,43.40902328491211,43.40902328491211,16
2023-04-03,43.40270233154297,43.421305213184304,43.40270233154297,43.421305213184304,1740
2023-04-04,43.47323989868164,43.47796266689374,43.47323989868164,43.47796266689374,174
2023-04-05,43.59033966064453,43.59033966064453,43.59033966064453,43.59033966064453,50
2023-04-06,43.64794921875,43.64794921875,43.64794921875,43.64794921875,9
2023-04-10,43.5723991394043,43.5723991394043,43.56767637089708,43.56767637089708,127
2023-04-11,43.68098831176758,43.68098831176758,43.68098831176758,43.68098831176758,83
2023-04-12,43.77543640136719,43.77543640136719,43.72349675332374,43.72349675332374,181
2023-04-13,43.64323043823242,43.65730147984673,43.64323043823242,43.65730147984673,2240
2023-04-14,43.52516174316406,43.528940676671766,43.52516174316406,43.528940676671766,514
2023-04-17,43.496856689453125,43.496856689453125,43.496856689453125,43.496856689453125,4
2023-04-18,43.21826171875,43.31741823043445,43.21826171875,43.31741823043445,653
2023-04-19,43.06245040893555,43.06245040893555,43.034121001281434,43.034121001281434,493
2023-04-20,43.067832946777344,43.07557454045753,43.067832946777344,43.07557454045753,202
2023-04-21,42.99634552001953,42.99634552001953,42.99634552001953,42.99634552001953,42
2023-04-24,43.1143798828125,43.1143798828125,43.1143798828125,43.1143798828125,2
2023-04-25,43.27492141723633,43.27492141723633,43.27492141723633,43.27492141723633,71
2023-04-26,43.14271926879883,43.222988318361615,43.14271926879883,43.222988318361615,400
2023-04-27,43.07793426513672,43.07793426513672,43.07793426513672,43.07793426513672,2
2023-04-28,43.22771453857422,43.22771453857422,43.22771453857422,43.22771453857422,17
2023-05-01,43.032135009765625,43.08642039239415,43.021827749968345,43.08642039239415,2571
2023-05-02,43.223548889160156,43.223548889160156,43.223548889160156,43.223548889160156,2
2023-05-03,43.26979446411133,43.26979446411133,43.26979446411133,43.26979446411133,61
2023-05-04,43.32993698120117,43.32993698120117,43.32993698120117,43.32993698120117,28
2023-05-05,43.36294937133789,43.36294937133789,43.36294937133789,43.36294937133789,1
2023-05-08,43.283409118652344,43.283409118652344,43.283409118652344,43.283409118652344,27
2023-05-09,43.27716827392578,43.27716827392578,43.27716827392578,43.27716827392578,120
2023-05-10,43.3953857421875,43.41903074380777,43.3953857421875,43.41903074380777,222
2023-05-11,43.385929107666016,43.385929107666016,43.385929107666016,43.385929107666016,1
2023-05-12,43.30080795288086,43.3811951767574,43.30080795288086,43.3811951767574,102
2023-05-15,43.2346076965332,43.2346076965332,43.2346076965332,43.2346076965332,14
2023-05-16,43.20150375366211,43.20150375366211,43.20150375366211,43.20150375366211,137
2023-05-17,43.13531494140625,43.13531494140625,43.13531494140625,43.13531494140625,6
2023-05-18,42.913055419921875,42.913055419921875,42.913055419921875,42.913055419921875,1
2023-05-19,42.7286376953125,42.813754647204384,42.7286376953125,42.813754647204384,1549
2023-05-22,42.63642883300781,42.63642883300781,42.63642883300781,42.63642883300781,29
2023-05-23,42.58677291870117,42.66243403139418,42.58677291870117,42.66243403139418,120
2023-05-24,42.458251953125,42.458251953125,42.458251953125,42.458251953125,2
2023-05-25,42.59151077270508,42.59151077270508,42.59151077270508,42.59151077270508,41
2023-05-26,42.695533752441406,42.695533752441406,42.68134819611164,42.68134819611164,102
2023-05-30,42.867286682128906,42.867286682128906,42.867286682128906,42.867286682128906,4
2023-05-31,42.987388610839844,42.987388610839844,42.987388610839844,42.987388610839844,2
2023-06-01,43.051822662353516,43.051822662353516,43.051822662353516,43.051822662353516,89
2023-06-02,42.90497970581055,42.911705008297965,42.90497970581055,42.911705008297965,2525
2023-06-05,43.03759765625,43.03759765625,43.03759765625,43.03759765625,31
2023-06-06,43.1175651550293,43.1175651550293,43.1175651550293,43.1175651550293,1
2023-06-07,43.0313606262207,43.0313606262207,43.0313606262207,43.0313606262207,49
2023-06-08,43.160770416259766,43.160770416259766,43.160770416259766,43.160770416259766,11
2023-06-09,43.10865020751953,43.10865020751953,43.10865020751953,43.10865020751953,1
2023-06-12,43.12287139892578,43.12287139892578,43.07550517203378,43.08497697188759,284
2023-06-13,43.075496673583984,43.075496673583984,43.06602126178812,43.075496673583984,4761
2023-06-14,43.15696716308594,43.15696716308594,43.15696716308594,43.15696716308594,1
2023-06-15,43.24602508544922,43.24602508544922,43.24602508544922,43.24602508544922,9
2023-06-16,43.250755310058594,43.250755310058594,43.250755310058594,43.250755310058594,12
2023-06-20,43.30759811401367,43.359608083716964,43.29338860867228,43.359608083716964,607
2023-06-21,43.331275939941406,43.331275939941406,43.312328731316995,43.312328731316995,433
2023-06-22,43.217498779296875,43.217498779296875,43.217498779296875,43.217498779296875,3
2023-06-23,43.39759063720703,43.407062434892026,43.397493064319775,43.407062434892026,1222
2023-06-26,43.340850830078125,43.340850830078125,43.340850830078125,43.340850830078125,124
2023-06-27,43.36946487426758,43.36946487426758,43.36946487426758,43.36946487426758,10
2023-06-28,43.430747985839844,43.430747985839844,43.430747985839844,43.430747985839844,27
2023-06-29,43.24602508544922,43.24602508544922,43.24602508544922,43.24602508544922,12
2023-06-30,43.35002899169922,43.35002899169922,43.35002899169922,43.35002899169922,76
2023-07-03,43.29288864135742,43.29288864135742,43.29288864135742,43.29288864135742,102
2023-07-05,43.27303695678711,43.27303695678711,43.24540705709409,43.24540705709409,107
2023-07-06,43.174198150634766,43.174198150634766,43.174198150634766,43.174198150634766,39
2023-07-07,43.15997314453125,43.15997314453125,43.15997314453125,43.15997314453125,1
2023-07-10,43.174198150634766,43.174198150634766,43.17002233830197,43.17002233830197,151
2023-07-11,43.188446044921875,43.19746406193613,43.183698004638465,43.183698004638465,10558
2023-07-12,43.316627502441406,43.316627502441406,43.293843421110985,43.306468648820065,211
2023-07-13,43.45903778076172,43.45903778076172,43.45903778076172,43.45903778076172,7
2023-07-14,43.39731216430664,43.39731216430664,43.39731216430664,43.39731216430664,10
2023-07-17,43.425987243652344,43.425987243652344,43.425987243652344,43.425987243652344,23
2023-07-18,43.501747131347656,43.501747131347656,43.49633632123365,43.49633632123365,110
2023-07-19,43.62517166137695,43.63513856212618,43.62517166137695,43.63513856212618,337
2023-07-20,43.57296371459961,43.57761397019218,43.57296371459961,43.57761397019218,205
2023-07-21,43.58244323730469,43.60617981526872,43.58244323730469,43.60617981526872,456
2023-07-24,43.6014404296875,43.630019217281635,43.6014404296875,43.630019217281635,586
2023-07-25,43.57200622558594,43.57200622558594,43.57200622558594,43.57200622558594,94
2023-07-26,43.629920959472656,43.672642458247104,43.55871483982156,43.587101674968565,12099
2023-07-27,43.46377182006836,43.56820697856274,43.46377182006836,43.56820697856274,1936
2023-07-28,43.444786071777344,43.47289041641566,43.444786071777344,43.47289041641566,1314
2023-07-31,43.3609504699707,43.3609504699707,43.35838631094336,43.35838631094336,2401
2023-08-01,43.29541015625,43.29541015625,43.29541015625,43.29541015625,9
2023-08-02,43.18613815307617,43.18613815307617,43.1243158923498,43.143338963714804,1091
2023-08-03,42.848487854003906,42.92362953198607,42.848487854003906,42.92362953198607,152
2023-08-04,43.11004638671875,43.11004638671875,43.03899741540395,43.03899741540395,886
2023-08-07,42.962623596191406,42.962623596191406,42.962623596191406,42.962623596191406,1
2023-08-08,43.052978515625,43.052978515625,43.02377812041901,43.02377812041901,3226
2023-08-09,43.14333724975586,43.14333724975586,43.086173702655124,43.08626803792803,848
2023-08-10,43.029571533203125,43.03870391152274,43.029571533203125,43.03870391152274,345
2023-08-11,43.02730178833008,43.02730178833008,43.02730178833008,43.02730178833008,102
2023-08-14,43.08150863647461,43.094066111815366,43.08150863647461,43.094066111815366,203
2023-08-15,43.08150863647461,43.08150863647461,43.08150863647461,43.08150863647461,56
2023-08-16,42.986873626708984,43.257470720471,42.986873626708984,43.13372824416698,8055
2023-08-17,42.872257232666016,42.872257232666016,42.872257232666016,42.872257232666016,60
2023-08-18,42.843727111816406,42.843727111816406,42.843727111816406,42.843727111816406,10
2023-08-21,42.65350341796875,42.65350341796875,42.64874674341996,42.64874674341996,1159
2023-08-22,42.66777420043945,42.66777420043945,42.66777420043945,42.66777420043945,10
2023-08-23,42.79331970214844,42.79331970214844,42.79331970214844,42.79331970214844,4
2023-08-24,42.710567474365234,42.743762603192756,42.70676503748566,42.743762603192756,261
2023-08-25,42.71266555786133,42.71266555786133,42.71266555786133,42.71266555786133,9
2023-08-28,42.772396087646484,42.772396087646484,42.772396087646484,42.772396087646484,1
2023-08-29,42.891292572021484,42.90555896945796,42.83898002923433,42.85800310190967,6918
2023-08-30,42.83422088623047,42.83422088623047,42.83422088623047,42.83422088623047,31
2023-08-31,42.87702941894531,42.87702941894531,42.87702941894531,42.87702941894531,4
2023-09-01,42.83241271972656,42.83241271972656,42.83241271972656,42.83241271972656,4
2023-09-05,42.7821044921875,42.80592573466292,42.7821044921875,42.79639796470594,1152
2023-09-06,42.786861419677734,42.853566701193984,42.75827084533849,42.853566701193984,639
2023-09-07,42.76304244995117,42.76304244995117,42.749032521316224,42.749032521316224,941
2023-09-08,42.7725830078125,42.776490812115966,42.7725830078125,42.776490812115966,1184
2023-09-11,42.77734375,42.786777006736116,42.74875680164823,42.786777006736116,1857
2023-09-12,42.72492599487305,42.72492599487305,42.72492599487305,42.72492599487305,4
2023-09-13,42.786861419677734,42.786861419677734,42.786861419677734,42.786861419677734,2
2023-09-14,42.658226013183594,42.658226013183594,42.658226013183594,42.658226013183594,2
2023-09-15,42.64297866821289,42.64297866821289,42.64297866821289,42.64297866821289,179
2023-09-18,42.71540069580078,42.720166398529464,42.7106349930721,42.7106349930721,3087
2023-09-19,42.624874114990234,42.624874114990234,42.624874114990234,42.624874114990234,146
2023-09-20,42.63926315307617,42.63926315307617,42.63926315307617,42.63926315307617,102
2023-09-21,42.34833526611328,42.36758347339357,42.34833526611328,42.36758347339357,6600
2023-09-22,42.36757278442383,42.36757278442383,42.36757278442383,42.36757278442383,32
2023-09-25,42.076934814453125,42.076934814453125,42.076934814453125,42.076934814453125,4900
2023-09-26,41.967342376708984,41.967342376708984,41.93875179750449,41.93875179750449,858
2023-09-27,41.86823272705078,41.86823272705078,41.86823272705078,41.86823272705078,3
2023-09-28,41.71481704711914,41.76732338526161,41.69194458245613,41.76722887094483,4926
2023-09-29,41.743412017822266,41.776764672562734,41.743412017822266,41.776764672562734,3460
2023-10-02,41.55683517456055,41.55683517456055,41.55683517456055,41.55683517456055,100
2023-10-03,41.37054443359375,41.37054443359375,41.37054443359375,41.37054443359375,12
2023-10-04,41.561614990234375,41.561614990234375,41.561614990234375,41.561614990234375,71
2023-10-05,41.6046028137207,41.6046028137207,41.6046028137207,41.6046028137207,3
2023-10-06,41.348087310791016,41.348087310791016,41.348087310791016,41.348087310791016,1
2023-10-09,41.566383361816406,41.566383361816406,41.566383361816406,41.566383361816406,117
2023-10-10,41.66191482543945,41.71923225586558,41.66191482543945,41.71923225586558,661
2023-10-11,41.98490905761719,41.98490905761719,41.98490905761719,41.98490905761719,1
2023-10-12,41.80998992919922,41.80998992919922,41.80998992919922,41.80998992919922,10
2023-10-13,41.96761703491211,42.04337457950462,41.96761703491211,42.04337457950462,210
2023-10-16,41.71445846557617,41.71445846557617,41.71445846557617,41.71445846557617,25
2023-10-17,41.47562789916992,41.47562789916992,41.47562789916992,41.47562789916992,1
2023-10-18,41.4278564453125,41.46606684741748,41.4278564453125,41.43263046789309,1069
2023-10-19,41.160377502441406,41.160377502441406,41.160377502441406,41.160377502441406,28
2023-10-20,41.217689514160156,41.217689514160156,41.184253129217076,41.193804820218254,481
2023-10-23,41.270233154296875,41.270233154296875,41.270233154296875,41.270233154296875,1200
2023-10-24,41.360984802246094,41.360984802246094,41.360984802246094,41.360984802246094,25
2023-10-25,41.11738204956055,41.11738204956055,41.11738204956055,41.11738204956055,25
2023-10-26,41.30366516113281,41.30366516113281,41.30366516113281,41.30366516113281,25
2023-10-27,41.25112533569336,41.25112533569336,41.25112533569336,41.25112533569336,25
2023-10-30,41.17536926269531,41.17536926269531,41.17536926269531,41.17536926269531,3
2023-10-31,41.10782241821289,41.10782241821289,41.10782241821289,41.10782241821289,101
2023-11-01,41.3367805480957,41.3367805480957,41.312860109608856,41.312860109608856,122
2023-11-02,41.64772033691406,41.64772033691406,41.64772033691406,41.64772033691406,200
2023-11-03,41.929969787597656,41.953886576105546,41.925184969997495,41.953886576105546,566
2023-11-06,41.82472610473633,41.82472610473633,41.82472610473633,41.82472610473633,92
2023-11-07,42.12505340576172,42.12505340576172,42.12505340576172,42.12505340576172,65
2023-11-08,42.26607131958008,42.26607131958008,42.26607131958008,42.26607131958008,18
2023-11-09,42.13567352294922,42.14523950848833,42.13567352294922,42.14523950848833,114
2023-11-10,42.29832458496094,42.29832458496094,42.29832458496094,42.29832458496094,84
2023-11-13,42.336585998535156,42.336585998535156,42.336585998535156,42.336585998535156,3
2023-11-14,42.64907455444336,42.64907455444336,42.62410298559647,42.62410298559647,570
2023-11-15,42.61883544921875,42.61883544921875,42.59348430942276,42.59348430942276,611
2023-11-16,42.814964294433594,42.858016696594674,42.77669305934872,42.77669305934872,1800
2023-11-17,42.82941436767578,42.82941436767578,42.82941436767578,42.82941436767578,14
2023-11-20,43.006317138671875,43.006317138671875,43.006317138671875,43.006317138671875,1
2023-11-21,43.068511962890625,43.068511962890625,43.04459517431639,43.04459517431639,100
2023-11-22,43.1354866027832,43.1354866027832,43.074926357200795,43.074926357200795,2215
2023-11-24,43.09722137451172,43.09722137451172,43.09722137451172,43.09722137451172,8
2023-11-27,43.17481231689453,43.17854600797085,43.06411549348815,43.06411549348815,705
2023-11-28,43.24550247192383,43.24550247192383,43.13078732066433,43.197665257468095,3484
2023-11-29,43.68562698364258,43.68562698364258,43.52297966386016,43.53254565042218,965
2023-11-30,43.60612106323242,43.66649152653765,43.60612106323242,43.66649152653765,1348
2023-12-01,43.87248992919922,43.87248992919922,43.87248992919922,43.87248992919922,2
2023-12-04,43.76130294799805,43.76130294799805,43.76130294799805,43.76130294799805,38
2023-12-05,43.92923355102539,43.92923355102539,43.92923355102539,43.92923355102539,31
2023-12-06,44.0057258605957,44.0057258605957,44.0057258605957,44.0057258605957,47
2023-12-07,44.03419494628906,44.03419494628906,44.03419494628906,44.03419494628906,2
2023-12-08,43.81401062011719,43.91944855507002,43.78525614930053,43.91465492444431,19448
2023-12-11,43.96297073364258,43.96297073364258,43.96297073364258,43.96297073364258,1
2023-12-12,43.98175048828125,43.98175048828125,43.98175048828125,43.98175048828125,6
2023-12-13,44.24555206298828,44.24555206298828,44.24555206298828,44.24555206298828,10
2023-12-14,44.48200225830078,44.48200225830078,44.48200225830078,44.48200225830078,4
2023-12-15,44.45143508911133,44.45143508911133,44.45143508911133,44.45143508911133,19
2023-12-18,44.413082122802734,44.413082122802734,44.36995042080139,44.36995042080139,106
2023-12-19,44.45622253417969,44.47529467585566,44.42746440644167,44.47529467585566,524
2023-12-20,44.580833435058594,44.580833435058594,44.580833435058594,44.580833435058594,14
2023-12-21,44.55207824707031,44.55207824707031,44.55207824707031,44.55207824707031,7
2023-12-22,44.619171142578125,44.66709648204036,44.570956942063205,44.57124580311589,3264
2023-12-26,44.571250915527344,44.571250915527344,44.571250915527344,44.571250915527344,2
2023-12-27,44.675174713134766,44.71359758895418,44.675174713134766,44.71359758895418,130
2023-12-28,44.60313415527344,44.76162209768552,44.60313415527344,44.65596469081311,882
2023-12-29,44.6175537109375,44.6175537109375,44.59834226887384,44.59834226887384,49981
2024-01-02,44.589595794677734,44.598913874620955,44.589595794677734,44.598913874620955,2225
2024-01-03,44.6175537109375,44.6175537109375,44.6175537109375,44.6175537109375,4
2024-01-04,44.58393096923828,44.58393096923828,44.550311864419236,44.550311864419236,149
2024-01-05,44.524757385253906,44.524757385253906,44.524757385253906,44.524757385253906,2
2024-01-08,44.635223388671875,44.71360445512846,44.635223388671875,44.71360445512846,909
2024-01-09,44.59354019165039,44.59354019165039,44.59354019165039,44.59354019165039,82
2024-01-10,44.53110122680664,44.53110122680664,44.53110122680664,44.53110122680664,83
2024-01-11,44.63665771484375,44.63675664843843,44.627149097133156,44.63675664843843,1183
2024-01-12,44.62715530395508,44.64636674503037,44.62715530395508,44.64636674503037,189
2024-01-16,44.49622344970703,44.49622344970703,44.49622344970703,44.49622344970703,122
2024-01-17,44.362998962402344,44.362998962402344,44.362998962402344,44.362998962402344,122
2024-01-18,44.31036376953125,44.348497177158336,44.281354238620935,44.348497177158336,339
2024-01-19,44.240821838378906,44.30056674337588,44.21411709335481,44.252059963102965,876
2024-01-22,44.324100494384766,44.324100494384766,44.324100494384766,44.324100494384766,140
2024-01-23,44.25733947753906,44.25733947753906,44.25733947753906,44.25733947753906,124
2024-01-24,44.161285400390625,44.19375394313331,44.13727384858012,44.13727384858012,1703
2024-01-25,44.310176849365234,44.310176849365234,44.310176849365234,44.310176849365234,52
2024-01-26,44.24292755126953,44.31967436474776,44.24292755126953,44.318714342540495,587
2024-01-29,44.42063522338867,44.42063522338867,44.42063522338867,44.42063522338867,110
2024-01-30,44.466835021972656,44.466835021972656,44.42543680675258,44.42543680675258,591
2024-01-31,44.65884780883789,44.65884780883789,44.634546786807185,44.634546786807185,152
2024-02-01,44.84187698364258,44.87978827436944,44.84187698364258,44.87978827436944,181
2024-02-02,44.57186508178711,44.57186508178711,44.57186508178711,44.57186508178711,41
2024-02-05,44.41637420654297,44.417912242341586,44.41637420654297,44.417912242341586,158
2024-02-06,44.51893615722656,44.51893615722656,44.51893615722656,44.51893615722656,33
2024-02-07,44.4995002746582,44.54280019176808,44.4995002746582,44.54280019176808,285
2024-02-08,44.48545455932617,44.48545455932617,44.43714776576197,44.461205723590226,403
2024-02-09,44.4948844909668,44.4948844909668,44.4948844909668,44.4948844909668,85
2024-02-12,44.61516571044922,44.668086608699326,44.591107753375546,44.60072873376769,4223
2024-02-13,44.36017608642578,44.45640427054423,44.36017608642578,44.45640427054423,299
2024-02-14,44.47813034057617,44.47813034057617,44.47813034057617,44.47813034057617,57
2024-02-15,44.54338455200195,44.54338455200195,44.4756412450394,44.4756412450394,421
2024-02-16,44.48045349121094,44.51817390727956,44.48045349121094,44.51817390727956,172
2024-02-20,44.526832580566406,44.526832580566406,44.526832580566406,44.526832580566406,141
2024-02-21,44.52355194091797,44.55261309924189,44.49487987982562,44.49487987982562,261
2024-02-22,44.50997543334961,44.52373699193438,44.50997543334961,44.52373699193438,433
2024-02-23,44.64884948730469,44.668091450174565,44.64230457700385,44.668091450174565,989
2024-02-26,44.57186508178711,44.61035634736957,44.56108782108235,44.61035634736957,1081
2024-02-27,44.54780578613281,44.54780578613281,44.54780578613281,44.54780578613281,31
2024-02-28,44.64403533935547,44.64403533935547,44.64403533935547,44.64403533935547,47
2024-02-29,44.664337158203125,44.664337158203125,44.61045085580334,44.61045085580334,755
2024-03-01,44.74126052856445,44.74126052856445,44.65932653937846,44.65932653937846,197
2024-03-04,44.5870361328125,44.611036815741755,44.5870361328125,44.611036815741755,210
2024-03-05,44.72304153442383,44.72304153442383,44.69788255545596,44.69788255545596,315
2024-03-06,44.67928695678711,44.67928695678711,44.67928695678711,44.67928695678711,5
2024-03-07,44.76053237915039,44.76053237915039,44.74607019773452,44.74607019773452,2451
2024-03-08,44.770179748535156,44.79379800715109,44.74617906754712,44.79379800715109,1052
2024-03-11,44.753692626953125,44.753692626953125,44.753692626953125,44.753692626953125,96
2024-03-12,44.70212936401367,44.70212936401367,44.70212936401367,44.70212936401367,88
2024-03-13,44.74126052856445,44.74126052856445,44.74126052856445,44.74126052856445,12
2024-03-14,44.611122131347656,44.611122131347656,44.611122131347656,44.611122131347656,30
2024-03-15,44.617881774902344,44.617881774902344,44.617881774902344,44.617881774902344,172
2024-03-18,44.601593017578125,44.601593017578125,44.4569049632554,44.4569049632554,7177
2024-03-19,44.65450668334961,44.65450668334961,44.65450668334961,44.65450668334961,2
2024-03-20,44.6121940612793,44.6121940612793,44.6121940612793,44.6121940612793,74
2024-03-21,44.56282424926758,44.56282424926758,44.56282424926758,44.56282424926758,206
2024-03-22,44.70751953125,44.71233658169505,44.6786981256101,44.70558903393424,16101
2024-03-25,44.611122131347656,44.611122131347656,44.611122131347656,44.611122131347656,2
2024-03-26,44.52437973022461,44.52437973022461,44.49893393070416,44.49893393070416,197
2024-03-27,44.56370544433594,44.56370544433594,44.56370544433594,44.56370544433594,12
2024-03-28,44.47134780883789,44.51472699902901,44.44725152729831,44.50508554470324,3104
2024-04-01,44.38093948364258,44.52555834673708,44.38093948364258,44.52555834673708,1279
2024-04-02,44.24732971191406,44.26472023707839,44.24732971191406,44.26472023707839,207
2024-04-03,44.17824935913086,44.17824935913086,44.17824935913086,44.17824935913086,95
2024-04-04,44.25505828857422,44.25505828857422,44.25505828857422,44.25505828857422,150
2024-04-05,44.11547088623047,44.11547088623047,44.11547088623047,44.11547088623047,51
2024-04-08,44.153621673583984,44.216414030175926,44.12946878285662,44.216414030175926,305
2024-04-09,44.274391174316406,44.274391174316406,44.274391174316406,44.274391174316406,40
2024-04-10,43.92176818847656,43.95558002570316,43.92176818847656,43.95558002570316,100
2024-04-11,43.98698425292969,43.98698425292969,43.98698425292969,43.98698425292969,10
2024-04-12,44.15276336669922,44.15846070858335,44.15276336669922,44.15846070858335,200
2024-04-15,44.170143127441406,44.170143127441406,44.170143127441406,44.170143127441406,18
2024-04-16,44.05827331542969,44.05827331542969,44.05827331542969,44.05827331542969,1
2024-04-17,44.14116287231445,44.14116287231445,44.14116287231445,44.14116287231445,48
2024-04-18,44.119808197021484,44.119808197021484,44.119808197021484,44.119808197021484,5
2024-04-19,44.170047760009766,44.170047760009766,44.170047760009766,44.170047760009766,13
2024-04-22,44.17487716674805,44.17487716674805,44.17487716674805,44.17487716674805,7
2024-04-23,44.1909065246582,44.1909065246582,44.1909065246582,44.1909065246582,4
2024-04-24,44.144344329833984,44.144344329833984,44.144344329833984,44.144344329833984,1
2024-04-25,44.03614807128906,44.042523491019935,44.013542970347366,44.013542970347366,446
2024-04-26,44.049583435058594,44.049583435058594,44.00388677827854,44.02320835662513,4200
2024-04-29,44.10203170776367,44.10203170776367,44.10203170776367,44.10203170776367,7
2024-04-30,44.05807876586914,44.05807876586914,44.05807876586914,44.05807876586914,62
2024-05-01,44.144126892089844,44.144126892089844,44.144126892089844,44.144126892089844,6
2024-05-02,44.21139144897461,44.21139144897461,44.21139144897461,44.21139144897461,2
2024-05-03,44.3221321105957,44.3221321105957,44.3221321105957,44.3221321105957,103
2024-05-06,44.34981155395508,44.35871737734343,44.33045283421,44.34013404023167,703
2024-05-07,44.4949951171875,44.4949951171875,44.4949951171875,44.4949951171875,10
2024-05-08,44.52412796020508,44.52412796020508,44.513771064621544,44.513771064621544,109
2024-05-09,44.553070068359375,44.553070068359375,44.553070068359375,44.553070068359375,47
2024-05-10,44.48531723022461,44.48531723022461,44.48531723022461,44.48531723022461,23
2024-05-13,44.500022888183594,44.504667798361936,44.500022888183594,44.504667798361936,2175
2024-05-14,44.52402877807617,44.52402877807617,44.52402877807617,44.52402877807617,1
2024-05-15,44.6403694152832,44.6403694152832,44.6403694152832,44.6403694152832,2
2024-05-16,44.582115173339844,44.582115173339844,44.553075245830826,44.56275645243332,1891
2024-05-17,44.4949951171875,44.50757846822589,44.4949951171875,44.50757846822589,100
2024-05-20,44.423946380615234,44.465857651941626,44.423946380615234,44.465857651941626,204
2024-05-21,44.388526916503906,44.388526916503906,44.388526916503906,44.388526916503906,25
2024-05-22,44.3109016418457,44.3109016418457,44.3109016418457,44.3109016418457,1
2024-05-23,44.207820892333984,44.207820892333984,44.207820892333984,44.207820892333984,2
2024-05-24,44.19978713989258,44.19978713989258,44.19978713989258,44.19978713989258,89
2024-05-28,44.13967514038086,44.13967514038086,44.13967514038086,44.13967514038086,12
2024-05-29,44.109378814697266,44.109378814697266,44.109378814697266,44.109378814697266,1
2024-05-30,44.18149185180664,44.18149185180664,44.18149185180664,44.18149185180664,138
2024-05-31,44.22175216674805,44.22175216674805,44.22175216674805,44.22175216674805,8
2024-06-03,44.31736755371094,44.31736755371094,44.31736755371094,44.31736755371094,1
2024-06-04,44.380470275878906,44.39007938459193,44.37076118800009,44.37076118800009,766
2024-06-05,44.589847564697266,44.589847564697266,44.589847564697266,44.589847564697266,44
2024-06-06,44.69789123535156,44.69789123535156,44.69789123535156,44.69789123535156,26
2024-06-07,44.540626525878906,44.540626525878906,44.540626525878906,44.540626525878906,3
2024-06-10,44.5296630859375,44.5296630859375,44.5296630859375,44.5296630859375,20
2024-06-11,44.623138427734375,44.623138427734375,44.574600402040495,44.574600402040495,201
2024-06-12,44.85251998901367,44.875526305909695,44.8075775025873,44.84640644818069,5807
2024-06-13,44.979000091552734,44.979000091552734,44.95317954896006,44.95317954896006,1201
2024-06-14,45.025978088378906,45.025978088378906,45.025978088378906,45.025978088378906,3
2024-06-17,44.89978790283203,44.89978790283203,44.89978790283203,44.89978790283203,7
2024-06-18,45.00656509399414,45.00656509399414,45.00656509399414,45.00656509399414,80
2024-06-20,44.92405319213867,44.938613118590474,44.88522795591102,44.88522795591102,1320
2024-06-21,44.929786682128906,44.929786682128906,44.929786682128906,44.929786682128906,1002
2024-06-24,44.94347381591797,44.94347381591797,44.88523410213588,44.88523410213588,627
2024-06-25,44.923866271972656,44.923866271972656,44.923866271972656,44.923866271972656,12
2024-06-26,44.744483947753906,44.744483947753906,44.744483947753906,44.744483947753906,25
2024-06-27,44.79302215576172,44.79302215576172,44.79302215576172,44.79302215576172,69
2024-06-28,44.690025329589844,44.690025329589844,44.690025329589844,44.690025329589844,68
2024-07-01,44.65364074707031,44.65364074707031,44.63876080143457,44.63905023678609,402
2024-07-02,44.745567321777344,44.745567321777344,44.745567321777344,44.745567321777344,68
2024-07-03,44.91141891479492,44.91141891479492,44.91141891479492,44.91141891479492,58
2024-07-05,44.99896240234375,45.01841765265919,44.97951086273789,45.01841765265919,2765
2024-07-08,44.9771728515625,44.9771728515625,44.9771728515625,44.9771728515625,4
2024-07-09,44.99896240234375,45.06705763380257,44.97951086273789,44.97951086273789,2504
2024-07-10,45.007137298583984,45.007137298583984,45.007137298583984,45.007137298583984,68
2024-07-11,45.14973449707031,45.31023751077037,45.13514398868106,45.31023751077037,3441
2024-07-12,45.178924560546875,45.178924560546875,45.13515302661425,45.13515302661425,232
2024-07-15,45.06608200073242,45.06608200073242,45.06608200073242,45.06608200073242,4
2024-07-16,45.19837188720703,45.19837188720703,45.19837188720703,45.19837188720703,15
2024-07-17,45.169193267822266,45.169193267822266,45.169193267822266,45.169193267822266,14
2024-07-18,45.15945816040039,45.15945816040039,45.154593420927725,45.154593420927725,278
2024-07-19,45.130374908447266,45.130374908447266,45.130374908447266,45.130374908447266,4
2024-07-22,45.091373443603516,45.091373443603516,45.091373443603516,45.091373443603516,13
2024-07-23,45.1108283996582,45.1108283996582,45.1108283996582,45.1108283996582,200
2024-07-24,45.00567626953125,45.08962365453195,45.00567626953125,45.067058828992046,840
2024-07-25,45.08154296875,45.08154296875,45.08154296875,45.08154296875,66
2024-07-26,45.169193267822266,45.169193267822266,45.169193267822266,45.169193267822266,70
2024-07-29,45.19846725463867,45.19846725463867,45.16432501971195,45.16432501971195,506
2024-07-30,45.16938781738281,45.16938781738281,45.12541961965064,45.12541961965064,320
2024-07-31,45.2860107421875,45.2860107421875,45.23241326304025,45.23241326304025,116
2024-08-01,45.35787582397461,45.38175899706846,45.35787582397461,45.38175899706846,310
2024-08-02,45.69860076904297,45.69860076904297,45.69860076904297,45.69860076904297,42
2024-08-05,45.6608772277832,45.6608772277832,45.6608772277832,45.6608772277832,90
2024-08-06,45.605987548828125,45.605987548828125,45.56699423266641,45.56699423266641,1560
2024-08-07,45.393951416015625,45.393951416015625,45.393951416015625,45.393951416015625,9
2024-08-08,45.26506805419922,45.26506805419922,45.26506805419922,45.26506805419922,3
2024-08-09,45.357383728027344,45.357383728027344,45.357383728027344,45.357383728027344,7
2024-08-12,45.41197967529297,45.41197967529297,45.41197967529297,45.41197967529297,3
2024-08-13,45.45994567871094,45.45994567871094,45.45994567871094,45.45994567871094,1
2024-08-14,45.508689880371094,45.508689880371094,45.508689880371094,45.508689880371094,3
2024-08-15,45.30883026123047,45.30883026123047,45.30883026123047,45.30883026123047,65
2024-08-16,45.34782791137695,45.34782791137695,45.34782791137695,45.34782791137695,60
2024-08-19,45.36712646484375,45.36712646484375,45.36712646484375,45.36712646484375,34
2024-08-20,45.450096130371094,45.450096130371094,45.401255006901735,45.401255006901735,690
2024-08-21,45.44492721557617,45.4792457912919,45.43049764537926,45.43098482932148,1808
2024-08-22,45.36274337768555,45.36274337768555,45.36274337768555,45.36274337768555,1
2024-08-23,45.55694580078125,45.55694580078125,45.55694580078125,45.55694580078125,50
2024-08-26,45.4869499206543,45.55723829428157,45.47924795124784,45.55723829428157,960
2024-08-27,45.41578674316406,45.41578674316406,45.41578674316406,45.41578674316406,60
2024-08-28,45.38185501098633,45.38185501098633,45.38185501098633,45.38185501098633,1
2024-08-29,45.39140701293945,45.39140701293945,45.39140701293945,45.39140701293945,1
2024-08-30,45.36470031738281,45.36470031738281,45.36470031738281,45.36470031738281,51
2024-09-03,45.50362777709961,45.50362777709961,45.50362777709961,45.50362777709961,1
2024-09-04,45.596534729003906,45.596534729003906,45.596534729003906,45.596534729003906,1
2024-09-05,45.6649284362793,45.6649284362793,45.6649284362793,45.6649284362793,137
2024-09-06,45.684566497802734,45.684566497802734,45.684566497802734,45.684566497802734,55
2024-09-09,45.679683685302734,45.679683685302734,45.679683685302734,45.679683685302734,56
2024-09-10,45.79682922363281,45.79682922363281,45.76263440689072,45.76263440689072,348
2024-09-11,45.75774383544922,45.75774383544922,45.75774383544922,45.75774383544922,1
2024-09-12,45.73321533203125,45.73321533203125,45.73321533203125,45.73321533203125,3
2024-09-13,45.80278015136719,45.82114658468905,45.80278015136719,45.82114658468905,112
2024-09-16,45.83081817626953,45.83081817626953,45.83081817626953,45.83081817626953,10
2024-09-17,45.80992126464844,45.80992126464844,45.80992126464844,45.80992126464844,65
2024-09-18,45.7624397277832,45.7624397277832,45.7624397277832,45.7624397277832,1
2024-09-19,45.73800277709961,45.73800277709961,45.73800277709961,45.73800277709961,7
2024-09-20,45.7624397277832,45.7624397277832,45.7624397277832,45.7624397277832,1
2024-09-23,45.787052154541016,45.787052154541016,45.787052154541016,45.787052154541016,2
2024-09-24,45.76741409301758,45.76741409301758,45.76741409301758,45.76741409301758,1
2024-09-25,45.70537185668945,45.79193410804892,45.70537185668945,45.79193410804892,311
2024-09-26,45.73331832885742,45.73331832885742,45.73331832885742,45.73331832885742,2
2024-09-27,45.860328674316406,45.860328674316406,45.860328674316406,45.860328674316406,8
2024-09-30,45.801998138427734,45.967795452613665,45.801998138427734,45.967795452613665,326
2024-10-01,45.915565490722656,45.915565490722656,45.915565490722656,45.915565490722656,1
2024-10-02,45.91566467285156,45.91566467285156,45.89598692565229,45.89598692565229,198
2024-10-03,45.85663604736328,45.935052008557975,45.85663604736328,45.935052008557975,143
2024-10-04,45.67091369628906,45.807877394260686,45.67091369628906,45.79808520316941,665
2024-10-07,45.641639709472656,45.69039152371811,45.641639709472656,45.69039152371811,914
2024-10-08,45.623619079589844,45.623619079589844,45.623619079589844,45.623619079589844,64
2024-10-09,45.53854751586914,45.53854751586914,45.53854751586914,45.53854751586914,60
2024-10-10,45.56321716308594,45.56321716308594,45.56321716308594,45.56321716308594,2
2024-10-11,45.616676330566406,45.616676330566406,45.616676330566406,45.616676330566406,25
2024-10-14,45.51838684082031,45.552357006945236,45.51838684082031,45.552357006945236,157
2024-10-15,45.705081939697266,45.705081939697266,45.705081939697266,45.705081939697266,12
2024-10-16,45.73445129394531,45.73445129394531,45.73445129394531,45.73445129394531,4
2024-10-17,45.6610221862793,45.6610221862793,45.6610221862793,45.6610221862793,16
2024-10-18,45.699989318847656,45.699989318847656,45.699989318847656,45.699989318847656,330
2024-10-21,45.56830978393555,45.631652783148134,45.56830978393555,45.631652783148134,3830
2024-10-22,45.43585205078125,45.50438244914561,45.43585205078125,45.50438244914561,370
2024-10-23,45.149593353271484,45.149593353271484,45.149593353271484,45.149593353271484,19
2024-10-24,45.269317626953125,45.269317626953125,45.269317626953125,45.269317626953125,17
2024-10-25,45.338050842285156,45.338050842285156,45.338050842285156,45.338050842285156,87
2024-10-28,45.37710952758789,45.37710952758789,45.37710952758789,45.37710952758789,12
2024-10-29,45.32894515991211,45.32894515991211,45.32894515991211,45.32894515991211,40
2024-10-30,45.367218017578125,45.367218017578125,45.367218017578125,45.367218017578125,2
2024-10-31,45.32943344116211,45.32943344116211,45.32943344116211,45.32943344116211,104
2024-11-01,45.327171325683594,45.327171325683594,45.327171325683594,45.327171325683594,2
2024-11-04,45.50614547729492,45.50614547729492,45.50614547729492,45.50614547729492,78
2024-11-05,45.56188201904297,45.56757143060245,45.56188201904297,45.56747411172051,389
2024-11-06,44.99336624145508,45.03771744907301,44.94940805238723,44.94940805238723,3068
2024-11-07,45.229251861572266,45.229251861572266,45.229251861572266,45.229251861572266,4
2024-11-08,45.597206115722656,45.597206115722656,45.597206115722656,45.597206115722656,1
2024-11-11,45.597206115722656,45.597206115722656,45.597206115722656,45.597206115722656,0
2024-11-12,45.41067886352539,45.43020252864616,45.40076730960672,45.43020252864616,1800
2024-11-13,45.41067886352539,45.41067886352539,45.41067886352539,45.41067886352539,0
2024-11-14,45.41067886352539,45.41067886352539,45.41067886352539,45.41067886352539,0
2024-11-15,45.41067886352539,45.41067886352539,45.41067886352539,45.41067886352539,0
2024-11-18,45.41067886352539,45.41067886352539,45.41067886352539,45.41067886352539,0
2024-11-19,45.41067886352539,45.41067886352539,45.41067886352539,45.41067886352539,0
2024-11-20,45.41067886352539,45.41067886352539,45.41067886352539,45.41067886352539,0
2024-11-21,45.41067886352539,45.41067886352539,45.41067886352539,45.41067886352539,0
2024-11-22,45.41067886352539,45.41067886352539,45.41067886352539,45.41067886352539,0
2024-11-25,45.41067886352539,45.41067886352539,45.41067886352539,45.41067886352539,0
2024-11-26,45.41067886352539,45.41067886352539,45.41067886352539,45.41067886352539,0
2024-11-27,45.41067886352539,45.41067886352539,45.41067886352539,45.41067886352539,0
2024-11-29,45.41067886352539,45.41067886352539,45.41067886352539,45.41067886352539,0
2024-12-02,45.504085540771484,45.504085540771484,45.504085540771484,45.504085540771484,0
2024-12-03,45.504085540771484,45.504085540771484,45.504085540771484,45.504085540771484,0
2024-12-04,45.504085540771484,45.504085540771484,45.504085540771484,45.504085540771484,0
2024-12-05,45.504085540771484,45.504085540771484,45.504085540771484,45.504085540771484,0
2024-12-06,45.504085540771484,45.504085540771484,45.504085540771484,45.504085540771484,0
2024-12-09,45.504085540771484,45.504085540771484,45.504085540771484,45.504085540771484,0
2024-12-10,45.504085540771484,45.504085540771484,45.504085540771484,45.504085540771484,0
2024-12-11,45.504085540771484,45.504085540771484,45.504085540771484,45.504085540771484,0
2024-12-12,45.71744918823242,45.73013041780861,45.67113888312235,45.73013041780861,5202
2024-12-13,45.71744918823242,45.71744918823242,45.71744918823242,45.71744918823242,0
2024-12-16,45.63662338256836,45.64163436182201,45.63662338256836,45.64163436182201,1029
2024-12-17,45.535247802734375,45.61213782740877,45.49582384910742,45.61213782740877,879
2024-12-18,45.535247802734375,45.535247802734375,45.535247802734375,45.535247802734375,0
2024-12-19,45.535247802734375,45.535247802734375,45.535247802734375,45.535247802734375,0
2024-12-20,45.16969299316406,45.19919251428346,45.1107014523928,45.1107014523928,16500
2024-12-23,45.16969299316406,45.16969299316406,45.16969299316406,45.16969299316406,0
2024-12-24,45.16969299316406,45.16969299316406,45.16969299316406,45.16969299316406,0
2024-12-26,45.154937744140625,45.16477216648789,45.154937744140625,45.16477216648789,982
2024-12-27,45.18943786621094,45.18943786621094,45.14507939114225,45.14507939114225,359
2024-12-30,45.327239990234375,45.33236883360718,45.30279526093335,45.30279526093335,778
2024-12-31,45.327239990234375,45.327239990234375,45.327239990234375,45.327239990234375,0
2025-01-02,45.39643478393555,45.45064860980601,45.39643478393555,45.45064860980601,3001
2025-01-03,45.39643478393555,45.39643478393555,45.39643478393555,45.39643478393555,0
2025-01-06,45.39643478393555,45.39643478393555,45.39643478393555,45.39643478393555,0
2025-01-07,45.39643478393555,45.39643478393555,45.39643478393555,45.39643478393555,0
2025-01-08,45.1253662109375,45.12852097584707,45.1253662109375,45.12852097584707,693
2025-01-10,44.93315505981445,44.99722799691293,44.928229264767566,44.99722799691293,797
2025-01-13,44.93315505981445,44.93315505981445,44.93315505981445,44.93315505981445,0
2025-01-14,44.93315505981445,44.93315505981445,44.93315505981445,44.93315505981445,0
2025-01-15,45.09086608886719,45.13522456445011,44.98736799270545,44.98736799270545,2807
2025-01-16,45.14281463623047,45.154941116724046,45.14281463623047,45.154941116724046,1398
2025-01-17,45.14281463623047,45.14281463623047,45.14281463623047,45.14281463623047,0
2025-01-21,45.14281463623047,45.14281463623047,45.14281463623047,45.14281463623047,0
2025-01-22,45.32744216918945,45.337297520609916,45.32744216918945,45.337297520609916,1080
2025-01-23,45.17958068847656,45.22393916544248,45.172680815183995,45.22393916544248,632
2025-01-24,45.27075958251953,45.27075958251953,45.174653937966355,45.174653937966355,996
2025-01-27,45.46562957763672,45.52950322660993,45.46562957763672,45.52950322660993,831
2025-01-28,45.46562957763672,45.46562957763672,45.46562957763672,45.46562957763672,0
2025-01-29,45.3531608581543,45.41121755340134,45.3531608581543,45.38164774437137,487
2025-01-30,45.41900634765625,45.440788889551904,45.41900634765625,45.440788889551904,106
2025-01-31,45.41900634765625,45.41900634765625,45.41900634765625,45.41900634765625,0
2025-02-03,45.458824157714844,45.48381744452851,45.458824157714844,45.48381744452851,109
2025-02-04,45.547733306884766,45.547733306884766,45.414366695733655,45.414366695733655,104
2025-02-05,45.71567916870117,45.71567916870117,45.651462406766576,45.651462406766576,372
2025-02-06,45.71567916870117,45.71567916870117,45.71567916870117,45.71567916870117,0
2025-02-07,45.60206985473633,45.82928942203029,45.57243366683392,45.82928942203029,3020
2025-02-10,45.59248733520508,45.59248733520508,45.54289646475847,45.59219338521687,1437
2025-02-11,45.52303695678711,45.55208147498341,45.52303695678711,45.55208147498341,498
2025-02-12,45.52303695678711,45.52303695678711,45.52303695678711,45.52303695678711,0
2025-02-13,45.49340057373047,45.49340057373047,45.414369480059506,45.414369480059506,230
2025-02-14,45.49340057373047,45.49340057373047,45.49340057373047,45.49340057373047,0
2025-02-18,45.49340057373047,45.49340057373047,45.49340057373047,45.49340057373047,0
2025-02-19,45.52303695678711,45.52303695678711,45.454377027240156,45.50298052421403,357
2025-02-20,45.566410064697266,45.566410064697266,45.562554797428355,45.562554797428355,186
2025-02-21,45.566410064697266,45.566410064697266,45.566410064697266,45.566410064697266,0
2025-02-24,45.566410064697266,45.566410064697266,45.566410064697266,45.566410064697266,0
2025-02-25,45.85398483276367,45.88856163855335,45.85398483276367,45.88856163855335,927
2025-02-26,45.898441314697266,45.898441314697266,45.898441314697266,45.898441314697266,134
2025-02-27,45.898441314697266,45.898441314697266,45.898441314697266,45.898441314697266,0
2025-02-28,45.898441314697266,45.898441314697266,45.898441314697266,45.898441314697266,0
2025-03-03,45.992286682128906,45.992286682128906,45.992286682128906,45.992286682128906,0
2025-03-04,45.992286682128906,45.992286682128906,45.992286682128906,45.992286682128906,0
2025-03-05,45.52701950073242,45.52701950073242,45.4597032724916,45.50722038793838,1866
2025-03-06,45.52701950073242,45.52701950073242,45.52701950073242,45.52701950073242,0
2025-03-07,45.52701950073242,45.52701950073242,45.52701950073242,45.52701950073242,0
2025-03-10,45.37843322753906,45.507223765773304,45.37843322753906,45.507223765773304,166
2025-03-11,45.37843322753906,45.37843322753906,45.37843322753906,45.37843322753906,0
2025-03-12,45.05977249145508,45.05977249145508,45.02215304302319,45.02215304302319,350
2025-03-13,45.027103424072266,45.10124719489256,44.903361798206966,45.00235358838131,1223
2025-03-14,45.01740264892578,45.04195234128266,45.01740264892578,45.04195234128266,102
2025-03-17,45.08402633666992,45.08402633666992,45.041954634397584,45.041954634397584,187
2025-03-18,45.08402633666992,45.08402633666992,45.08402633666992,45.08402633666992,0
2025-03-19,45.08402633666992,45.08402633666992,45.08402633666992,45.08402633666992,0
2025-03-20,45.08402633666992,45.08402633666992,45.08402633666992,45.08402633666992,0
2025-03-21,45.10135269165039,45.16569698268005,45.10135269165039,45.16569698268005,2099
2025-03-24,45.10135269165039,45.10135269165039,45.10135269165039,45.10135269165039,0
2025-03-25,45.10135269165039,45.10135269165039,45.10135269165039,45.10135269165039,0
2025-03-26,44.69557571411133,44.869704443571855,44.69557571411133,44.869704443571855,190
2025-03-27,44.69557571411133,44.69557571411133,44.69557571411133,44.69557571411133,0
2025-03-28,44.69557571411133,44.69557571411133,44.69557571411133,44.69557571411133,0
2025-03-31,44.69557571411133,44.69557571411133,44.69557571411133,44.69557571411133,0
2025-04-01,44.8167724609375,44.8167724609375,44.8167724609375,44.8167724609375,0
2025-04-02,44.8167724609375,44.8167724609375,44.8167724609375,44.8167724609375,0
2025-04-03,44.8167724609375,44.8167724609375,44.8167724609375,44.8167724609375,0
2025-04-04,44.8167724609375,44.8167724609375,44.8167724609375,44.8167724609375,0
2025-04-07,44.8167724609375,44.8167724609375,44.8167724609375,44.8167724609375,0
2025-04-08,43.637943267822266,44.27073382102649,43.637943267822266,44.27073382102649,139
2025-04-09,43.637943267822266,43.637943267822266,43.637943267822266,43.637943267822266,0
2025-04-10,43.637943267822266,43.637943267822266,43.637943267822266,43.637943267822266,0
2025-04-11,43.548011779785156,43.548011779785156,43.15900588911237,43.19871149552889,505
2025-04-14,43.548011779785156,43.548011779785156,43.548011779785156,43.548011779785156,0
2025-04-15,43.548011779785156,43.548011779785156,43.548011779785156,43.548011779785156,0
2025-04-16,43.548011779785156,43.548011779785156,43.548011779785156,43.548011779785156,0
2025-04-17,43.548011779785156,43.548011779785156,43.548011779785156,43.548011779785156,0
2025-04-21,43.74980926513672,43.74980926513672,42.960581805124,43.742860973676166,5821
2025-04-22,43.79715347290039,43.80321192830682,43.735273923992935,43.735273923992935,728
2025-04-23,43.93006896972656,44.00083930284233,43.93006896972656,44.00083930284233,235
2025-04-24,43.93006896972656,43.93006896972656,43.93006896972656,43.93006896972656,0
2025-04-25,44.2558479309082,44.2558479309082,44.19132916005658,44.19132916005658,413
2025-04-28,44.2558479309082,44.2558479309082,44.2558479309082,44.2558479309082,0
2025-04-29,44.2558479309082,44.2558479309082,44.2558479309082,44.2558479309082,0
2025-04-30,44.5177001953125,44.5177001953125,44.37992333620757,44.37992333620757,112
2025-05-01,44.619873046875,44.619873046875,44.619873046875,44.619873046875,0
2025-05-02,44.619873046875,44.619873046875,44.619873046875,44.619873046875,0
2025-05-05,44.619873046875,44.619873046875,44.619873046875,44.619873046875,0
2025-05-06,44.501678466796875,44.501678466796875,44.41213771353469,44.41213771353469,551
2025-05-07,44.501678466796875,44.501678466796875,44.501678466796875,44.501678466796875,0
2025-05-08,44.45362854003906,44.4711359154476,44.45362854003906,44.4711359154476,157
2025-05-09,44.45362854003906,44.45362854003906,44.45362854003906,44.45362854003906,0
2025-05-12,44.45362854003906,44.45362854003906,44.45362854003906,44.45362854003906,0
2025-05-13,44.45362854003906,44.45362854003906,44.45362854003906,44.45362854003906,0
2025-05-14,44.45362854003906,44.45362854003906,44.45362854003906,44.45362854003906,0
2025-05-15,44.52157974243164,44.52157974243164,44.422091696851666,44.422091696851666,122
2025-05-16,44.52157974243164,44.52157974243164,44.52157974243164,44.52157974243164,0
2025-05-19,44.52157974243164,44.52157974243164,44.52157974243164,44.52157974243164,0
2025-05-20,44.52157974243164,44.52157974243164,44.52157974243164,44.52157974243164,0
2025-05-21,44.52157974243164,44.52157974243164,44.52157974243164,44.52157974243164,0
2025-05-22,44.044029235839844,44.093773257436716,44.01418358192684,44.03407815438513,4020
2025-05-23,44.044029235839844,44.044029235839844,44.044029235839844,44.044029235839844,0
2025-05-27,44.044029235839844,44.044029235839844,44.044029235839844,44.044029235839844,0
2025-05-28,44.044029235839844,44.044029235839844,44.044029235839844,44.044029235839844,0
2025-05-29,44.044029235839844,44.044029235839844,44.044029235839844,44.044029235839844,0
2025-05-30,44.044029235839844,44.044029235839844,44.044029235839844,44.044029235839844,0
2025-06-02,44.15034103393555,44.15034103393555,44.15034103393555,44.15034103393555,0
2025-06-03,44.15034103393555,44.15034103393555,44.15034103393555,44.15034103393555,0
2025-06-04,44.22513961791992,44.22513961791992,44.22015206736075,44.22015206736075,291
2025-06-05,44.22513961791992,44.22513961791992,44.22513961791992,44.22513961791992,0
2025-06-06,44.22513961791992,44.22513961791992,44.22513961791992,44.22513961791992,0
2025-06-09,44.177764892578125,44.1822502638792,44.080528586315104,44.080528586315104,5405
2025-06-10,44.177764892578125,44.177764892578125,44.177764892578125,44.177764892578125,0
2025-06-11,44.27629852294922,44.33982416335073,44.27629852294922,44.33982416335073,164
2025-06-12,44.27629852294922,44.27629852294922,44.27629852294922,44.27629852294922,0
2025-06-13,44.27629852294922,44.27629852294922,44.27629852294922,44.27629852294922,0
2025-06-16,44.29010009765625,44.29010009765625,44.18000030517578,44.18000030517578,3214
2025-06-17,44.29010009765625,44.29010009765625,44.29010009765625,44.29010009765625,0
2025-06-18,44.29010009765625,44.29010009765625,44.29010009765625,44.29010009765625,0
2025-06-20,44.29010009765625,44.29010009765625,44.29010009765625,44.29010009765625,0
2025-06-23,44.29010009765625,44.29010009765625,44.29010009765625,44.29010009765625,0
2025-06-24,44.29010009765625,44.29010009765625,44.29010009765625,44.29010009765625,0
2025-06-25,44.29010009765625,44.29010009765625,44.29010009765625,44.29010009765625,0
2025-06-26,44.29010009765625,44.29010009765625,44.29010009765625,44.29010009765625,0
